INSERT INTO category (id, name)
VALUES 
  (1, 'Main Dish'),
  (2, 'Side Dish'),
  (3, 'Dessert'),
  (4, 'Snack');

INSERT INTO dishes (id, name, available, price, category_id)
VALUES 
  (1, 'Spaghetti Bolognese', True , 9.99, 1),
  (2, 'Chicken Tikka Masala curry', False, 12.99, 1),
  (3, 'Beef patty with cheese',True , 7.99, 1),
  (4, 'Sushi Roll', True, 14.99, 2),
  (5, 'Caesar Salad', True, 10.99, 2),
  (6, 'Margarita Pizza', False, 8.99, 1),
  (7, 'Pad Thai', False, 11.99, 2),
  (8, 'Hamburger', True, 6.99, 2),
  (9, 'Apple Pie', False, 13.99, 3),
  (10, 'Nachos with Cheese', False, 9.99, 4),
  (11, 'Fish and Chips', True, 12.49, 4),
  (12, 'Chicken Shawarma', True, 8.49, 1),
  (13, 'Pasta Primavera', True, 15.99, 3),
  (14, 'Beef Burrito', False, 10.99, 1),
  (15, 'Sushi Sashimi Combo', True, 7.99, 1),
  (16, 'Germany Salad', False, 11.49, 4),
  (17, 'Butter Chicken', True, 9.49, 2),
  (18, 'BBQ Ribs', False, 14.99, 1),
  (19, 'Chocolate Chip Cookies', False, 12.99, 3),
  (20, 'Thai Peanut Noodles', False, 10.99, 4);
  
INSERT INTO origin (id, name)
VALUES
    (1, 'Italy'),
    (2, 'Japan'),
    (3, 'France'),
    (4, 'America'),
    (5, 'Mexico'),
    (6, 'Canada'),
    (7, 'India'),
    (8, 'England'),
    (9, 'Thailand'),
    (10, 'Korea'),
    (11, 'Turkey'),
    (12, 'Viet Nam'),
    (13, 'China'),
    (14, 'Denmark'),
    (15, 'Russsia'),
    (16, 'Singapore'),
    (17, 'Lao'),
    (18, 'Campuchia'),
    (19, 'Germany'),
    (20, 'Norway');
    
  INSERT INTO createdFrom (id, dish_id, origin_id)
  VALUES 
   (1, 1, 1),
    (2, 2, 5),
    (3, 3, 11),
    (4, 4, 2),
    (5, 5, 20),
    (6, 6, 11),
    (7, 7, 9),
    (8, 8, 4),
    (9, 9, 3),
    (10, 10, 5),
    (11, 11, 15),
    (12, 12, 5),
    (13, 13, 19),
    (14, 14, 10),
    (15, 15, 2),
    (16, 16, 19),
    (17, 17, 19),
    (18, 18, 16),
    (19, 19, 7),
    (20, 20, 9);


INSERT INTO ingredients (id, name, quantity, import_date, expired_date, unit)
VALUES
    (1, 'Salt', 100, '2022-09-15', '2023-03-10', 'kg'),
    (2, 'Sugar', 50, '2022-07-20', '2023-06-25', 'gram'),
    (3, 'Flour', 200, '2022-11-05', '2023-09-30', 'kg'),
    (4, 'Olive Oil', 150, '2022-08-10', '2023-05-15', 'bottle'),
    (5, 'Butter', 300, '2022-10-25', '2023-04-05', 'gram'),
    (6, 'Tomatoes', 75, '2022-12-01', '2023-02-28', 'kg'),
    (7, 'Chicken', 250, '2022-09-08', '2023-01-20', 'kg'),
    (8, 'Onions', 120, '2022-10-18', '2023-04-10', 'gram'),
    (9, 'Garlic', 180, '2022-11-30', '2023-06-15', 'gram'),
    (10, 'Mushrooms', 90, '2022-07-05', '2023-03-31', 'bottle'),
    (11, 'Rice', 220, '2022-08-22', '2023-07-01', 'kg'),
    (12, 'Pasta', 80, '2022-11-12', '2023-09-05', 'gram'),
    (13, 'Eggs', 160, '2022-09-28', '2023-03-18', 'unit'),
    (14, 'Milk', 270, '2022-07-15', '2023-05-10', 'bottle'),
    (15, 'Cheese', 40, '2022-12-05', '2023-02-28', 'gram'),
    (16, 'Lettuce', 190, '2022-10-01', '2023-04-15', 'gram'),
    (17, 'Beef', 130, '2022-11-20', '2023-05-25', 'kg'),
    (18, 'Lemons', 60, '2022-07-30', '2023-02-28', 'gram'),
    (19, 'Cucumber', 240, '2022-09-10', '2023-03-31', 'gram'),
    (20, 'Soy Sauce', 110, '2022-08-18', '2023-06-20', 'bottle'),
    (21, 'Fish', 20, '2022-03-28', '2022-09-22', 'kg');

INSERT INTO including (ID, dish_id, ingre_id)
VALUES
  (1, 1, 6),
  (2, 1, 12),
  (3, 1, 8),
  (4, 1, 9),
  (5, 1, 17),
  (6, 2, 7),
  (7, 2, 8),
  (8, 2, 9),
  (9, 2, 14),
  (10, 2, 2),
  (11, 3, 17),
  (12, 3, 15),
  (13, 4, 21),
  (14, 4, 11),
  (15, 4, 20),
  (16, 5, 16),
  (17, 5, 15),
  (18, 5, 8),
  (19, 5, 2),
  (20, 5, 4),
  (21, 6, 6),
  (22, 6, 15),
  (23, 6, 8),
  (24, 6, 7),
  (25, 7, 11),
  (26, 7, 9),
  (27, 7, 7),
  (28, 7, 20),
  (29, 8, 7),
  (30, 8, 8),
  (31, 8, 15),
  (32, 8, 4),
  (33, 9, 3),
  (34, 9, 2),
  (35, 9, 5),
  (36, 9, 1),
  (37, 10, 15),
  (38, 10, 8),
  (39, 10, 1),
  (40, 10, 4),
  (41, 11, 21),
  (42, 11, 8),
  (43, 11, 1),
  (44, 11, 4),
  (45, 12, 7),
  (46, 12, 8),
  (47, 12, 9),
  (48, 12, 20),
  (49, 13, 8),
  (50, 13, 9),
  (51, 13, 12),
  (52, 13, 6),
  (53, 14, 17),
  (54, 14, 8),
  (55, 14, 9),
  (56, 14, 1),
  (57, 15, 21),
  (58, 15, 11),
  (59, 15, 20),
  (60, 15, 18),
  (61, 16, 16),
  (62, 16, 19),
  (63, 16, 8),
  (64, 16, 1),
  (65, 17, 7),
  (66, 17, 2),
  (67, 17, 14),
  (68, 17, 5),
  (69, 18, 17),
  (70, 18, 1),
  (71, 18, 4),
  (72, 18, 3),
  (73, 19, 3),
  (74, 19, 2),
  (75, 19, 5),
  (76, 19, 13),
  (77, 20, 11),
  (78, 20, 9),
  (79, 20, 20),
  (80, 20, 4),
  (81, 20, 3);
  